<env:Envelope xmlns:env="http://schemas.xmlsoap.org/soap/envelope/">
   <env:Header/>
   <env:Body>
      <AuthenticateUserMAResponse xmlns="http://www.acclaris.com/servicetypesma">
         <AuthenticateUserMADetails>
            <returnCode>0</returnCode>
            <errorText/>
            <participantID>EE ID|2480516</participantID>
            <userName>User Name|prabirkr</userName>
            <userID>User ID|794102</userID>
            <addressList>
               <address>
                  <line1>LINE1</line1>
                  <line2 xsi:nil="true" xmlns:xsi="http://www.w3.org/2001/XMLSchema-instance"/>
                  <line3 xsi:nil="true" xmlns:xsi="http://www.w3.org/2001/XMLSchema-instance"/>
                  <city>CITY</city>
                  <state>Alabama</state>
                  <zip>61820</zip>
                  <country>UNITED STATES</country>
                  <addressType>M</addressType>
               </address>
            </addressList>
            <firstLoginOn>First Login On|2010-04-28 02:55:19.0</firstLoginOn>
            <lastLoginOn>Last Login On|2011-04-01 03:39:13.0</lastLoginOn>
            <invalidTryCount>Invalid Try Count|0</invalidTryCount>
            <participantCode xsi:nil="true" xmlns:xsi="http://www.w3.org/2001/XMLSchema-instance"/>
            <userType>User Type|EE</userType>
            <erID>ER ID|829</erID>
            <admnID>ADMN ID|32</admnID>
            <tablist>
               <tab>
                  <name>ACCOUNT</name>
                  <displaySeq>1</displaySeq>
                  <label>Accounts</label>
                  <subTabList xsi:nil="true" xmlns:xsi="http://www.w3.org/2001/XMLSchema-instance"/>
                  <displayable>Yes</displayable>
               </tab>
               <tab>
                  <name>CLAIM</name>
                  <displaySeq>2</displaySeq>
                  <label>Claims</label>
                  <subTabList>
                     <subtab>
                        <name>CLMACTIVITY</name>
                        <displaySeq>1</displaySeq>
                        <label>Claim Activity</label>
                        <subTabList xsi:nil="true" xmlns:xsi="http://www.w3.org/2001/XMLSchema-instance"/>
                        <displayable>Yes</displayable>
                     </subtab>
                     <subtab>
                        <name>CLMPENDINGPASSTHRU</name>
                        <displaySeq>2</displaySeq>
                        <label>Pending Passthrough Claims</label>
                        <subTabList xsi:nil="true" xmlns:xsi="http://www.w3.org/2001/XMLSchema-instance"/>
                        <displayable>Yes</displayable>
                     </subtab>
                     <subtab>
                        <name>ONLNCLAIM</name>
                        <displaySeq>3</displaySeq>
                        <label>Submit Very New Claim</label>
                        <subTabList xsi:nil="true" xmlns:xsi="http://www.w3.org/2001/XMLSchema-instance"/>
                        <displayable>Yes</displayable>
                     </subtab>
                     <subtab>
                        <name>SHOW_RECPT_REQUIRED_CLAIMS</name>
                        <displaySeq>10</displaySeq>
                        <label>Receipt Required</label>
                        <subTabList xsi:nil="true" xmlns:xsi="http://www.w3.org/2001/XMLSchema-instance"/>
                        <displayable>Yes</displayable>
                     </subtab>
                     <subtab>
                        <name>ADD_MORECLAIM_IN_ONLN_CLAIM</name>
                        <displaySeq>9</displaySeq>
                        <label>Enter another claim</label>
                        <subTabList xsi:nil="true" xmlns:xsi="http://www.w3.org/2001/XMLSchema-instance"/>
                        <displayable>No</displayable>
                     </subtab>
                     <subtab>
                        <name>PAYPASSTHRUCLAIM</name>
                        <displaySeq>4</displaySeq>
                        <label>Pay Now</label>
                        <subTabList xsi:nil="true" xmlns:xsi="http://www.w3.org/2001/XMLSchema-instance"/>
                        <displayable>Yes</displayable>
                     </subtab>
                     <subtab>
                        <name>IGNOREPASSTHRUCLAIM</name>
                        <displaySeq>5</displaySeq>
                        <label>Ignore</label>
                        <subTabList xsi:nil="true" xmlns:xsi="http://www.w3.org/2001/XMLSchema-instance"/>
                        <displayable>Yes</displayable>
                     </subtab>
                     <subtab>
                        <name>IGNORE_ALL_PASSTHRU_CLAIM</name>
                        <displaySeq>7</displaySeq>
                        <label>Ignore all claims</label>
                        <subTabList xsi:nil="true" xmlns:xsi="http://www.w3.org/2001/XMLSchema-instance"/>
                        <displayable>Yes</displayable>
                     </subtab>
                     <subtab>
                        <name>SHOWALL_PASSTHRU_IGNORED_CLAIM</name>
                        <displaySeq>6</displaySeq>
                        <label>Show All ignored claims</label>
                        <subTabList xsi:nil="true" xmlns:xsi="http://www.w3.org/2001/XMLSchema-instance"/>
                        <displayable>Yes</displayable>
                     </subtab>
                     <subtab>
                        <name>IMAGE_UPLOAD</name>
                        <displaySeq>11</displaySeq>
                        <label>Image Upload</label>
                        <subTabList xsi:nil="true" xmlns:xsi="http://www.w3.org/2001/XMLSchema-instance"/>
                        <displayable>Yes</displayable>
                     </subtab>
                     <subtab>
                        <name>ADD_PROVIDER_IN_ONLINE</name>
                        <displaySeq>12</displaySeq>
                        <label>Add Provider</label>
                        <subTabList xsi:nil="true" xmlns:xsi="http://www.w3.org/2001/XMLSchema-instance"/>
                        <displayable>Yes</displayable>
                     </subtab>
                     <subtab>
                        <name>ADD_PROVIDER_IN_PASSTHRU</name>
                        <displaySeq>8</displaySeq>
                        <label>Add Provider</label>
                        <subTabList xsi:nil="true" xmlns:xsi="http://www.w3.org/2001/XMLSchema-instance"/>
                        <displayable>Yes</displayable>
                     </subtab>
                     <subtab>
                        <name>DELETE_PROVIDER_IN_ONLINE</name>
                        <displaySeq>13</displaySeq>
                        <label>Delete</label>
                        <subTabList xsi:nil="true" xmlns:xsi="http://www.w3.org/2001/XMLSchema-instance"/>
                        <displayable>Yes</displayable>
                     </subtab>
                     <subtab>
                        <name>EDIT_PROVIDER_IN_ONLINE</name>
                        <displaySeq>14</displaySeq>
                        <label>Edit</label>
                        <subTabList xsi:nil="true" xmlns:xsi="http://www.w3.org/2001/XMLSchema-instance"/>
                        <displayable>Yes</displayable>
                     </subtab>
                     <subtab>
                        <name>EDIT_PROVIDER_IN_PASSTHRU</name>
                        <displaySeq>16</displaySeq>
                        <label>Edit</label>
                        <subTabList xsi:nil="true" xmlns:xsi="http://www.w3.org/2001/XMLSchema-instance"/>
                        <displayable>Yes</displayable>
                     </subtab>
                     <subtab>
                        <name>DELETE_PROVIDER_IN_PASSTHRU</name>
                        <displaySeq>15</displaySeq>
                        <label>Delete</label>
                        <subTabList xsi:nil="true" xmlns:xsi="http://www.w3.org/2001/XMLSchema-instance"/>
                        <displayable>Yes</displayable>
                     </subtab>
                  </subTabList>
                  <displayable>Yes</displayable>
               </tab>
               <tab>
                  <name>MESSAGE</name>
                  <displaySeq>3</displaySeq>
                  <label>Messages</label>
                  <subTabList>
                     <subtab>
                        <name>NEWMESSAGE</name>
                        <displaySeq>1</displaySeq>
                        <label>Send us Message</label>
                        <subTabList xsi:nil="true" xmlns:xsi="http://www.w3.org/2001/XMLSchema-instance"/>
                        <displayable>Yes</displayable>
                     </subtab>
                     <subtab>
                        <name>CLOSEMESSAGE</name>
                        <displaySeq>2</displaySeq>
                        <label>Close</label>
                        <subTabList xsi:nil="true" xmlns:xsi="http://www.w3.org/2001/XMLSchema-instance"/>
                        <displayable>Yes</displayable>
                     </subtab>
                     <subtab>
                        <name>UPDATEEMESSAGE</name>
                        <displaySeq>3</displaySeq>
                        <label>Update</label>
                        <subTabList xsi:nil="true" xmlns:xsi="http://www.w3.org/2001/XMLSchema-instance"/>
                        <displayable>Yes</displayable>
                     </subtab>
                  </subTabList>
                  <displayable>Yes</displayable>
               </tab>
               <tab>
                  <name>RECEIPT</name>
                  <displaySeq>4</displaySeq>
                  <label>Receipts</label>
                  <subTabList xsi:nil="true" xmlns:xsi="http://www.w3.org/2001/XMLSchema-instance"/>
                  <displayable>Yes</displayable>
               </tab>
               <tab>
                  <name>ALERT</name>
                  <displaySeq>5</displaySeq>
                  <label>Alerts</label>
                  <subTabList xsi:nil="true" xmlns:xsi="http://www.w3.org/2001/XMLSchema-instance"/>
                  <displayable>Yes</displayable>
               </tab>
            </tablist>
            <value1/>
            <value2/>
            <value3/>
            <value4/>
            <value5/>
         </AuthenticateUserMADetails>
      </AuthenticateUserMAResponse>
   </env:Body>
</env:Envelope>
